<?xml version="1.0" encoding="UTF-8"?>
<!DOCTYPE configuration PUBLIC "-//mybatis.org//DTD Config 3.0//EN" 
"http://mybatis.org/dtd/mybatis-3-config.dtd">
<configuration>

<settings>
	<setting name="mapUnderscoreToCamelCase" value="true"/>
	<setting name="lazyLoadingEnabled" value="true" />
	<setting name="aggressiveLazyLoading"  value="false" />
	<setting name="cacheEnabled" value="true"/>
    <setting name="logImpl" value="STDOUT_LOGGING"/> 
</settings>

 <plugins>
    <!-- com.github.pagehelper为PageHelper类所在包名 -->
    <plugin interceptor="com.github.pagehelper.PageInterceptor">
       <!--  参数合理化，当该参数设置为 true 时，pageNum<=0 时会查询第一页， 
        pageNum>pages（超过总数时），会查询最后一页。 -->
        <property name="reasonable" value="true"/>
        <property name="supportMethodsArguments" value="true"/>
        <property name="params" value="pageNum=pageNum;pageSize=pageSize;"/>
	</plugin>
</plugins>


</configuration>
