<?xml version="1.0" encoding="UTF-8"?>
<!DOCTYPE mapper PUBLIC "-//mybatis.org//DTD Mapper 3.0//EN" 
"http://mybatis.org/dtd/mybatis-3-mapper.dtd">
<mapper namespace="com.isoftstone.dao.DiagDao">

<resultMap type="com.iss.model.DiagnosisInfo" id="DiagnosisMap">
	<id column="p_name" property="p_name"/>
	<result column="p_sex" property="p_sex"/>
	<result column="p_age" property="p_age"/>
	<result column="register_id" property="register_id"/>
	<result column="onset_date" property="onset_date"/>
	<result column="chief_complaint" property="chief_complaint"/>
	<result column="HPI" property="HPI"/>
	<result column="PH" property="PH"/>
	<result column="allergy_history" property="allergy_history"/>
	<result column="diagnosis" property="diagnosis"/>
	<result column="diagnosis_notes" property="diagnosis_notes"/>
	<result column="disposal_plan" property="disposal_plan"/>
	<result column="dia_or_not" property="dia_or_not"/>
</resultMap>

<insert id="insertPatientToDiag">
	insert into diagnosis_info(p_name,p_sex,p_age,register_id)  
	(select p.p_name, p.p_sex, p.p_age, r.register_id from patient_info p, register_info r where r.cardNum=p.cardNum 
	and not exists (select * from diagnosis_info d where d.register_id=r.register_id)); 
</insert>

<select id="getPatientMenuList" resultMap="DiagnosisMap">
	select * from diagnosis_info d,register_info r where d.register_id =r.register_id and left(r.register_date,10)=curdate()
	<if test="username != null and username != ''">
                and r.doc_id=#{username}
    </if>
	
</select>
<select id="getDiagnosisInfoByRid" parameterType="java.lang.String" resultMap="DiagnosisMap">
	select * from diagnosis_info where register_id=#{rid}
</select>
<update id="updateDiagnosisInfo" parameterType="com.iss.model.DiagnosisInfo">
	update diagnosis_info set onset_date=#{diag.onset_date}, chief_complaint=#{diag.chief_complaint}, HPI=#{diag.HPI}, PH=#{diag.PH},
	allergy_history=#{diag.allergy_history}, diagnosis=#{diag.diagnosis}, diagnosis_notes=#{diag.diagnosis_notes},disposal_plan=#{diag.disposal_plan}
	where register_id=#{diag.register_id}
</update>

<update id="setpatientdiag" parameterType="java.lang.String" >
	update diagnosis_info set dia_or_not=1 where register_id=#{rid}
</update>

</mapper>