<?xml version="1.0" encoding="UTF-8"?>
<!DOCTYPE mapper PUBLIC "-//mybatis.org//DTD Mapper 3.0//EN" 
"http://mybatis.org/dtd/mybatis-3-mapper.dtd">

<mapper namespace="com.isoftstone.dao.DoctorDao">

<resultMap type="com.iss.model.DocInfo" id="resultMap">
		<result column="doc_id" property="doc_id"/>
		<result column="doc_name" property="doc_name"/>
		<result column="doc_sex" property="doc_sex"/>
		<result column="dept_id" property="dept_id"/>
	</resultMap> 

	<select id="getDoctorsList"  parameterType="String" resultMap="resultMap">
		select * from doc_info where dept_id = #{dept_id}
	</select>

</mapper>