<?xml version="1.0" encoding="UTF-8"?>
<!DOCTYPE mapper PUBLIC "-//mybatis.org//DTD Mapper 3.0//EN" 
"http://mybatis.org/dtd/mybatis-3-mapper.dtd">
<mapper namespace="com.isoftstone.dao.LoginDao">
	<resultMap type="users" id="resultMap">
		<id column="user_id" property="username"/>
		<result column="user_name" property="realName"/>
		<result column="password" property="password"/>
		<result column="role_id" property="role.roleId"/>
		<result column="role_name" property="role.roleName"/>
	</resultMap>
	<select id="getUsersByUserNameAndPassword" resultMap="resultMap">
		select * from sys_user u,sys_role r,sys_user_role ur
			where u.user_id=ur.user_id and r.role_id = ur.role_id 
				and u.user_id=#{username} and u.password=#{password}
	</select>
	
	<resultMap type="menu" id="menuMap">
		<result column="menu_id" property="menuId"/>
		<result column="menu_name" property="menuName"/>
		<result column="menu_url" property="menuUrl"/>
		<result column="parent_id" property="parentId"/>
	</resultMap>
	
	<select id="getParentMenuList" parameterType="Integer" resultMap="menuMap">
			select distinct menu_id,menu_name,menu_url,parent_id from sys_menu where parent_id=0 and menu_id in 
			(select menu_id from sys_role_menu where role_id=#{roleId})
	</select>
	
	<select id="getChildrenMenuListByParentAndRole" resultMap="menuMap">
			select menu_id,menu_name,menu_url,parent_id from sys_menu where parent_id=#{parentId} and 
					menu_id in (select menu_id from sys_role_menu where role_id =#{roleId})
	</select>

</mapper>