<?xml version="1.0" encoding="UTF-8"?>
<!DOCTYPE mapper PUBLIC "-//mybatis.org//DTD Mapper 3.0//EN" "http://mybatis.org/dtd/mybatis-3-mapper.dtd">
<mapper namespace="com.isoftstone.dao.MedicineDao">

	<select id="getChineseMedicineForSelect" resultType="java.util.Map">
        select cm_id,cm_name from chinese_medicine
    </select>
    
    <select id="getChineseMedicineByCmId" parameterType="java.lang.String" resultMap="ChineseMedicineMap">
        select * from chinese_medicine where cm_id=#{cm_id}
    </select>
    
    <select id="getWesternMedicineForSelect" resultType="java.util.Map">
        select wm_id,wm_name from western_medicine
    </select>
    
    <select id="getWesternMedicineByCmId" parameterType="java.lang.String" resultMap="WesternMedicineMap">
        select * from western_medicine where wm_id=#{wm_id}
    </select>
    
    <select id="getInspectionItemForSelect" resultType="java.util.Map">
        select i_id,i_name from inspection_item
    </select>
    
    <select id="getInspectionItemByItemId" parameterType="java.lang.String" resultMap="InspectionItemMap">
        select * from inspection_item where i_id=#{i_id}
    </select>
 
 	<resultMap id="InspectionItemMap" type="com.iss.model.InspectionItem">
        <id column="i_id" jdbcType="VARCHAR" property="i_id"/>
        <result column="i_name" jdbcType="VARCHAR" property="i_name"/>
        <result column="i_price" jdbcType="DECIMAL" property="i_price"/>
        <result column="exe_dept" jdbcType="VARCHAR" property="exe_dept"/>
        <result column="i_dosage" jdbcType="VARCHAR" property="i_dosage"/>
    </resultMap>
    <resultMap id="ChineseMedicineMap" type="com.iss.model.ChineseMedicine">
        <id column="cm_id" property="cm_id"/>
        <result column="cm_name" property="cm_name"/>
        <result column="cm_price" property="cm_price"/>
        <result column="cm_specifications" property="cm_specifications"/>
        <result column="cm_usage" property="cm_usage"/>
        <result column="cm_dosage" property="cm_dosage"/>
        <result column="cm_Expiration_date" property="cm_Expiration_date"/>
        <result column="cm_druglotnumber" property="cm_druglotnumber"/>
        <result column="cm_Manufacturer" property="cm_Manufacturer"/>
    </resultMap>
    <resultMap id="WesternMedicineMap" type="com.iss.model.WesternMedicine">
        <id column="wm_id" property="wm_id"/>
        <result column="wm_name" property="wm_name"/>
        <result column="wm_price" property="wm_price"/>
        <result column="wm_specifications" property="wm_specifications"/>
        <result column="wm_usage" property="wm_usage"/>
        <result column="wm_dosage" property="wm_dosage"/>
        <result column="wm_Expiration_date" property="wm_Expiration_date"/>
        <result column="wm_druglotnumber" property="wm_druglotnumber"/>
        <result column="wm_Manufacturer" property="wm_Manufacturer"/>
    </resultMap>
</mapper>