<?xml version="1.0" encoding="UTF-8"?>
<!DOCTYPE mapper PUBLIC "-//mybatis.org//DTD Mapper 3.0//EN" 
"http://mybatis.org/dtd/mybatis-3-mapper.dtd">

<mapper namespace="com.isoftstone.dao.PatientDao">

<resultMap type="com.iss.model.PatientInfo" id="resultMap">
		<result column="cardNum" property="cardNum"/>
		<result column="p_name" property="p_name"/>
		<result column="p_sex" property="p_sex"/>
		<result column="p_age" property="p_age"/>
		<result column="p_birthday" property="p_birthday"/>
		<result column="p_habitation" property="p_habitation"/>
		<result column="p_tel" property="p_tel"/>
		<result column="p_Id" property="p_Id"/>
	</resultMap> 
	
	<select id="getPaientListByCardNumAndName"  resultMap="resultMap">
	select * from patient_info
		<where>
			<if test="name!=null and name!='' "> 
				 p_name = '${name}'
			</if>
			<if test="p_Id!=null and p_Id!='' "> 
				and p_Id = '${p_Id}'
			</if>
		</where>
	</select>
	
	<select id="getPatientInfoById" parameterType="String" resultMap="resultMap">
	select * from patient_info where p_Id=#{p_Id}
	</select>
	
	<insert id="insertPatientInfo" parameterType="com.iss.model.PatientInfo">
	insert into patient_info(cardNum,p_name,p_sex,p_age,p_birthday,p_habitation,p_Id,p_tel)
	values(#{cardNum},#{p_name},#{p_sex},#{p_age},#{p_birthday},#{p_habitation},#{p_Id},#{p_tel})
	</insert>
	
</mapper>