<?xml version="1.0" encoding="UTF-8"?>
<!DOCTYPE mapper PUBLIC "-//mybatis.org//DTD Mapper 3.0//EN" "http://mybatis.org/dtd/mybatis-3-mapper.dtd">
<mapper namespace="com.isoftstone.dao.PaymentDao">

	<select id="findRidByPID" parameterType="java.lang.String" resultType="java.lang.String">
		select register_id from register_info where p_cardno in (select p_cardno from patient_info where p_Id=#{pid})
	</select>
       
    <update id="updateCmpPon" parameterType="java.lang.String">
    	update cm_prescriotion set  pay_or_not=1 where cmi_id in(${ids}) and pay_or_not=0;
    </update>
    <update id="updateWmpPon" parameterType="java.lang.String">
    	update wm_prescriotion set  pay_or_not=1 where wmi_id in(${ids}) and pay_or_not=0;
    </update>
    <update id="updateCheckPon" parameterType="java.lang.String">
    	update check_item set  pay_or_not=1 where ii_id in(${ids}) and pay_or_not=0;
    </update>
    
    <update id="updateCmprefund" parameterType="java.lang.String">
    	update cm_prescriotion set  refund=1 where cmi_id in(${ids});
    </update>
    <update id="updateWmprefund" parameterType="java.lang.String">
    	update wm_prescriotion set  refund=1 where wmi_id in(${ids});
    </update>
    <update id="updateCheckrefund" parameterType="java.lang.String">
    	update check_item set  refund=1 where ii_id in(${ids});	
    </update>
    
    <!--  -->
    <select id="getCmp" resultMap="CmPrescriotionMap">
        select * from cm_prescriotion where register_id=#{rid} and refund=0 and pay_or_not=#{pay_or_not}
    </select>
    
    <select id="getWmp" resultMap="WmPrescriotionMap">
        select * from Wm_prescriotion where register_id=#{rid} and refund=0 and pay_or_not=#{pay_or_not}
    </select>
    
    <select id="getCheck" resultMap="CheckItemMap">
        select * from check_item where register_id=#{rid} and refund=0 and pay_or_not=#{pay_or_not}
    </select>
    
    <resultMap id="CmPrescriotionMap" type="com.iss.model.CmPrescriotion">
        <id column="cmi_id" property="cmi_id"/>
        <result column="cm_name" property="cm_name"/>
        <result column="cm_price" property="cm_price"/>
        <result column="cm_num" property="cm_num"/>
        <result column="cm_total" property="cm_total"/>
        <result column="cm_med_adv" property="cm_med_adv"/>
    </resultMap>
    <resultMap id="WmPrescriotionMap" type="com.iss.model.WmPrescriotion">
        <id column="wmi_id" property="wmi_id"/>
        <result column="wm_name" property="wm_name"/>
        <result column="wm_price" property="wm_price"/>
        <result column="wm_num" property="wm_num"/>
        <result column="wm_total" property="wm_total"/>
        <result column="wm_med_adv" property="wm_med_adv"/>
    </resultMap>
    <resultMap id="CheckItemMap" type="com.iss.model.CheckItem">
        <id column="ii_id" property="ii_id"/>
        <result column="i_name" property="i_name"/>
        <result column="exe_dept" property="exe_dept"/>
        <result column="i_price" property="i_price"/>
        <result column="i_num" property="i_num"/>
        <result column="i_total" property="i_total"/>
        <result column="i_med_adv" property="i_med_adv"/>
    </resultMap>
</mapper>