<?xml version="1.0" encoding="UTF-8"?>
<!DOCTYPE mapper PUBLIC "-//mybatis.org//DTD Mapper 3.0//EN" "http://mybatis.org/dtd/mybatis-3-mapper.dtd">
<mapper namespace="com.isoftstone.dao.PreDao">
	
	<select id="getCount" resultType="java.lang.Integer">
		select count(*) as total from ${table} where register_id=#{rid}
	</select>
	
	<select id="getCmpPage" resultMap="CmPrescriotionMap">
        select * from cm_prescriotion where register_id=#{rid} limit #{start}, #{pageSize}
    </select>
    
    <select id="getWmpPage" resultMap="WmPrescriotionMap">
        select * from Wm_prescriotion where register_id=#{rid} limit #{start}, #{pageSize}
    </select>
    
    <select id="getCheckPage" resultMap="CheckItemMap">
        select * from check_item where register_id=#{rid} limit #{start}, #{pageSize}
    </select>
    
    <select id="getCmp" parameterType="java.lang.String" resultMap="CmPrescriotionMap">
    	select * from cm_prescriotion where cmi_id = #{id}
    </select>
    
    <select id="getWmp" parameterType="java.lang.String" resultMap="WmPrescriotionMap">
    	select * from wm_prescriotion where wmi_id = #{id}
    </select>
    
    <select id="getCheck" parameterType="java.lang.String" resultMap="CheckItemMap">
    	select * from check_item where ii_id = #{id}
    </select>
    
    <insert id="insertCmp" parameterType="com.iss.model.CmPrescriotion">
    	<selectKey keyProperty="cmi_id" order="BEFORE" resultType="java.lang.String">
       	   select replace((select left(uuid(), 11) as id),"-","")
      	</selectKey>
    	insert into cm_prescriotion values(#{cmi_id},#{cm_name},#{cm_price},#{cm_num},#{cm_total},#{cm_med_adv},
    	#{register_id},#{pay_or_not},#{refund})
    </insert>
    
    <insert id="insertWmp" parameterType="com.iss.model.WmPrescriotion">
    	<selectKey keyProperty="wmi_id" order="BEFORE" resultType="java.lang.String">
       	   select replace((select left(uuid(), 11) as id),"-","")
      	</selectKey>
    	insert into wm_prescriotion values(#{wmi_id},#{wm_name},#{wm_price},#{wm_num},#{wm_total},#{wm_med_adv},
    	#{register_id},#{pay_or_not},#{refund})
    </insert>
    
    <insert id="insertCheck" parameterType="com.iss.model.CheckItem" >
    	<selectKey keyProperty="ii_id" order="BEFORE" resultType="java.lang.String">
       	   select replace((select left(uuid(), 11) as id),"-","")
      	</selectKey>
    	insert into check_item values(#{ii_id},#{i_name},#{i_price},#{exe_dept},#{i_dosage},#{i_num},
    	#{i_total},#{i_med_adv},#{register_id},#{pay_or_not},#{refund})
    </insert>
    
    <update id="update" parameterType="java.lang.String">
    	${sql}
    </update>
    
    <delete id="delete" parameterType="java.lang.String">
    	 ${sql}
    </delete>
    
    <resultMap id="CmPrescriotionMap" type="com.iss.model.CmPrescriotion">
        <id column="cmi_id" property="cmi_id"/>
        <result column="cm_name" property="cm_name"/>
        <result column="cm_price" property="cm_price"/>
        <result column="cm_num" property="cm_num"/>
        <result column="cm_total" property="cm_total"/>
        <result column="cm_med_adv" property="cm_med_adv"/>
    </resultMap>
    <resultMap id="WmPrescriotionMap" type="com.iss.model.WmPrescriotion">
        <id column="wmi_id" property="wmi_id"/>
        <result column="wm_name" property="wm_name"/>
        <result column="wm_price" property="wm_price"/>
        <result column="wm_num" property="wm_num"/>
        <result column="wm_total" property="wm_total"/>
        <result column="wm_med_adv" property="wm_med_adv"/>
    </resultMap>
    <resultMap id="CheckItemMap" type="com.iss.model.CheckItem">
        <id column="ii_id" property="ii_id"/>
        <result column="i_name" property="i_name"/>
        <result column="exe_dept" property="exe_dept"/>
        <result column="i_price" property="i_price"/>
        <result column="i_num" property="i_num"/>
        <result column="i_total" property="i_total"/>
        <result column="i_med_adv" property="i_med_adv"/>
    </resultMap>
</mapper>