<?xml version="1.0" encoding="UTF-8"?>
<!DOCTYPE mapper PUBLIC "-//mybatis.org//DTD Mapper 3.0//EN" 
"http://mybatis.org/dtd/mybatis-3-mapper.dtd">

<mapper namespace="com.isoftstone.dao.RegisterDao">
<!-- <association property="dept" javaType="com.isoftstone.entity.DeptInfo" resultMap="deptMap"> -->
<resultMap type="com.iss.model.DeptInfo" id="resultMap">
		<result column="dept_id" property="dept_id"/>
		<result column="dept_name" property="dept_name"/>
		<result column="dept_address" property="dept_address"/>

	</resultMap>
<select id="getDeptInfoList" resultMap="resultMap">
	select * from dept_info
</select>

<insert id="addRegisterInfo">
insert into register_info(register_id,cardNum,expenses_type,diagnosis_type,register_type,dept_id,doc_id,register_cost,register_date)
values(#{register_id},#{patientInfo.cardNum},#{expenses_type},#{diagnosis_type},#{register_type},#{deptInfo.dept_id},#{docInfo.doc_id},#{money},now())
</insert>

</mapper>