<?xml version="1.0" encoding="UTF-8"?>
<!DOCTYPE mapper PUBLIC "-//mybatis.org//DTD Mapper 3.0//EN" 
"http://mybatis.org/dtd/mybatis-3-mapper.dtd">

<mapper namespace="com.isoftstone.dao.RoleDao">
<select id="getAllRoleList" resultType="role">
	select * from sys_role
</select>
<insert id="insertRole" parameterType="role" keyProperty="roleId" useGeneratedKeys="true">
	insert into sys_Role(role_name) values (#{roleName})
</insert>
<insert id="insertRoleMenu">
	insert into sys_role_menu(role_id,menu_id) values
	<foreach collection="menuIds"  item="menuId" separator="," >
		(#{roleId},#{menuId})
	</foreach>
</insert>
<delete id="deleteRole">
	delete from sys_role where role_id=#{roleId}
</delete>
<delete id="deleteRoleMenu">
	delete from sys_role_menu where role_id=#{roleId}
</delete>
<update id="updateRole">
	update sys_role set role_name=#{roleName} where role_id=#{roleId}
</update>
</mapper>