<?xml version="1.0" encoding="UTF-8"?>
<!DOCTYPE mapper PUBLIC "-//mybatis.org//DTD Mapper 3.0//EN" 
"http://mybatis.org/dtd/mybatis-3-mapper.dtd">
<mapper namespace="com.isoftstone.dao.UserDao">

	<resultMap type="users" id="resultMap">
		<id column="user_id" property="username"/>
		<result column="user_name" property="realName"/>
		<result column="password" property="password"/>
		<!-- <association property="role" javaType="com.isoftstone.entity.Role" >
			<result column="role_id" property="roleId"/>
			<result column="role_name" property="roleName"/>	
		</association> -->
		<!-- <association property="role" javaType="com.isoftstone.entity.Role" column="user_id" select="getRoleByUserId">
		</association> -->
		
		<association property="role" javaType="com.isoftstone.entity.Role" column="user_id" resultMap="roleMap">
		</association>
	</resultMap>
	<resultMap type="role" id="roleMap">
		<result column="role_id" property="roleId"/>
		<result column="role_name" property="roleName"/>
	</resultMap>
	<select id="getRoleByUserId" resultMap="roleMap">
		select * from sys_role where user_id=#{userId}
	</select>
	<select id="getAllUserList" resultMap="resultMap">
		select u.user_id,u.user_name,r.role_id,r.role_name 
			from sys_user u,sys_role r,sys_user_role ur 
			where u.user_id=ur.user_id and r.role_id=ur.role_id
	</select>
	
	<select id="searchUserList" resultMap="resultMap">
	select u.user_id,u.user_name,r.role_id,r.role_name 
			from sys_user u,sys_role r,sys_user_role ur 
			<where>
			<if test="realName!=null and realName!=''">
				u.user_name like concat("%",#{realName},'%')
			</if>			
			<if test="roleId!=null">
				and r.role_id=#{roleId}
			</if>
			 and u.user_id=ur.user_id and r.role_id=ur.role_id
			</where> 
			
			<!-- <choose>
			<when test="realName!=null and realName!=''">
				and u.user_name like concat("%",#{realName},'%')
			</when>
			<when test="roleId!=null">
				and r.role_id=#{roleId}
			</when>
			<otherwise>
				AND 1=1
			</otherwise>
			</choose> -->
	</select>
	
	
	
	<insert id="insertUser">
		insert into sys_user(user_id,user_name,password) values(#{username},#{realName},#{password})
	</insert>
	<insert id="insertUserRole">
		insert into sys_user_role(user_id,role_id) values(#{userId},#{roleId})
	</insert>
	<delete id="deleteUser" parameterType="String">
		delete from sys_user where user_id=#{userId}
	</delete>
	<delete id="deleteUserRole" parameterType="String">
		delete from sys_user_role where user_id=#{userId}
	</delete>
	<select id="getUserByUserName" parameterType="String" resultMap="resultMap">
		select u.user_id,u.user_name,r.role_id,r.role_name 
			from sys_user u,sys_role r,sys_user_role ur 
			where u.user_id=ur.user_id and r.role_id=ur.role_id and u.user_id=#{userId}
	</select>
	<update id="updateUser">
		update sys_user set user_name=#{realName} where user_id=#{username}
	</update>
	<update id="updateUserRole" >
		update sys_user_role set role_id=#{roleId} where user_id=#{userId}
	 </update>
</mapper>